ad_id:START_ID(AdCopy),code:END_ID(Region)
1d0079882a6e4da88a57dcefb43c44b8,US
1d0079882a6e4da88a57dcefb43c44b8,US
d3c87fab12e443879ad8e1e7176274de,US
d3c87fab12e443879ad8e1e7176274de,US
32df90f0a4b8498d8a77c217e1234923,US
32df90f0a4b8498d8a77c217e1234923,US
232105527ed8458193d66d2c621d8199,US
232105527ed8458193d66d2c621d8199,US
6b37a1c923274ec18c31912aaeb9234d,US
6b37a1c923274ec18c31912aaeb9234d,US
4d12593ef7864972a6f775691bac3de4,US
4d12593ef7864972a6f775691bac3de4,US
d3926e703bec4931bd65612ca8ccc3bb,US
d3926e703bec4931bd65612ca8ccc3bb,US
85ed92323add451c9369dcefe74c6a8c,US
85ed92323add451c9369dcefe74c6a8c,US
7d65b13063a740c684b677ff905318ec,US
7d65b13063a740c684b677ff905318ec,US
e663df408e3b42ccb51de058c314b095,US
e663df408e3b42ccb51de058c314b095,US
58b86ba784934d2d86bba0b3b1f20534,US
58b86ba784934d2d86bba0b3b1f20534,US
c8a60766875f4b30a2035061313fc106,US
c8a60766875f4b30a2035061313fc106,US
8f24015260174a4cb09a805f810b918f,US
8f24015260174a4cb09a805f810b918f,US
d86d7c167c2a43b69a0dbbeb7bacd7b9,US
d86d7c167c2a43b69a0dbbeb7bacd7b9,US
c40e1fb6782b4ac8bc6c4382e78e0c47,US
c40e1fb6782b4ac8bc6c4382e78e0c47,US
92f0b731d4f44df2a91996f6b820b84e,US
92f0b731d4f44df2a91996f6b820b84e,US
b6f826dc845542b489bd2d135c736355,US
b6f826dc845542b489bd2d135c736355,US
e5b672b4499747b79e357532ad0b7a6d,US
e5b672b4499747b79e357532ad0b7a6d,US
594f710934df46a19ae3468015216813,US
594f710934df46a19ae3468015216813,US
ddd666cd68f0441aa30be541dc49c434,US
ddd666cd68f0441aa30be541dc49c434,US
04f0e0d3a5364bee903c0a58134736ad,US
04f0e0d3a5364bee903c0a58134736ad,US
18077cacb1ec48b79b76964922d26061,US
18077cacb1ec48b79b76964922d26061,US
1580e9e164284c848bfe7fae5533499e,US
1580e9e164284c848bfe7fae5533499e,US
c86e9bdaee384a1f9c5099a530a3a9ca,US
c86e9bdaee384a1f9c5099a530a3a9ca,US
eaf8e180317149649ae4ee756232c06b,US
eaf8e180317149649ae4ee756232c06b,US
215036c472ad4d80ab8c7ef79d435c2a,US
215036c472ad4d80ab8c7ef79d435c2a,US
89992f8f29764f0c9990c08535be0989,US
89992f8f29764f0c9990c08535be0989,US
52f0d07cf50f4e0cb89f09be26fedd0a,US
52f0d07cf50f4e0cb89f09be26fedd0a,US
6f4594f8cb2d4ac9bf3ae70049096002,US
6f4594f8cb2d4ac9bf3ae70049096002,US
8095a2a67e614153a852611d634941f2,US
8095a2a67e614153a852611d634941f2,US
ac93bf02d8aa499a93f4da199f1101a0,US
ac93bf02d8aa499a93f4da199f1101a0,US
dbcf54af84e345b58967a6ba29675adb,US
dbcf54af84e345b58967a6ba29675adb,US
5aa45871ad4d4ce5928dc52c51f68b74,US
5aa45871ad4d4ce5928dc52c51f68b74,US
28b777436a14447f8625e1239246c190,US
28b777436a14447f8625e1239246c190,US
bcdadffa0d7e4bc193f3a9953c24e0d9,US
bcdadffa0d7e4bc193f3a9953c24e0d9,US
83bbf5ff008148d0990bf2bd8c75d255,US
83bbf5ff008148d0990bf2bd8c75d255,US
88c3746d0eb647f4a2e04f6ea38926e0,US
88c3746d0eb647f4a2e04f6ea38926e0,US
92de9ccb32a7458da7410d57fceff9e2,US
92de9ccb32a7458da7410d57fceff9e2,US
aac3bb1d43bd4e5d8b01741cedb62827,US
aac3bb1d43bd4e5d8b01741cedb62827,US
940cf1f8654340f48021f44affa9eab0,US
940cf1f8654340f48021f44affa9eab0,US
c6ecd33b2e384ad2929e82528da9e83f,US
c6ecd33b2e384ad2929e82528da9e83f,US
41413159cf7e4f42b7b2fe6f1af0758c,US
41413159cf7e4f42b7b2fe6f1af0758c,US
aabab92ee16c4b81a65655fdad417165,US
aabab92ee16c4b81a65655fdad417165,US
6d6519cc929d4c7d99dbdf4123f02f97,US
6d6519cc929d4c7d99dbdf4123f02f97,US
ea6517bf05fa48b6a1af76af56dce6d2,US
ea6517bf05fa48b6a1af76af56dce6d2,US
4c5a5cbd6c9a4124b8b4970731b3b30c,US
4c5a5cbd6c9a4124b8b4970731b3b30c,US
100608ac81c045139e7263571a88b988,US
100608ac81c045139e7263571a88b988,US
49e179f86ef943bfaf45ceda0fc5eace,US
49e179f86ef943bfaf45ceda0fc5eace,US
8e3139b86c264aaaac30912887fb1a42,US
8e3139b86c264aaaac30912887fb1a42,US
1acb2a4ebbce456db87cec49e89abf2f,US
1acb2a4ebbce456db87cec49e89abf2f,US
4003f60d6bfc45f8b9010a3fdbef5fae,US
4003f60d6bfc45f8b9010a3fdbef5fae,US
9ec4bad008cc4d3ba4ae4573824aeebe,US
9ec4bad008cc4d3ba4ae4573824aeebe,US
dc9c5a308fa249d8a1ad66b9d3a3ff3d,US
dc9c5a308fa249d8a1ad66b9d3a3ff3d,US
e95cf2242c9f433ebb9b2bc25155b516,US
e95cf2242c9f433ebb9b2bc25155b516,US
4a9c9641d8b84934ae8e50b672f3ca98,US
4a9c9641d8b84934ae8e50b672f3ca98,US
351b33fff9f84cf5b8683df10fb538b6,US
351b33fff9f84cf5b8683df10fb538b6,US
a834f55cda7242e09b8c264849cc1c41,US
a834f55cda7242e09b8c264849cc1c41,US
b7fa24f3487045ad9466ba605c7dcb3f,US
b7fa24f3487045ad9466ba605c7dcb3f,US
470f32f5fb5c4368abe95b382e96e497,US
470f32f5fb5c4368abe95b382e96e497,US
1b97f0ce7814425cb6973334d46516ef,US
1b97f0ce7814425cb6973334d46516ef,US
83898371f06b4dafa0b4385e971f2ebe,US
83898371f06b4dafa0b4385e971f2ebe,US
74bf24d891f14b40bda99224bc415c4d,US
74bf24d891f14b40bda99224bc415c4d,US
dedf55b2b5454ccd96e0b5ee3f0b1b23,US
dedf55b2b5454ccd96e0b5ee3f0b1b23,US
fc25a6a8caad46c6be71eecd7fe2695d,US
fc25a6a8caad46c6be71eecd7fe2695d,US
78692248a7234bbb8701b5efc64968fa,US
78692248a7234bbb8701b5efc64968fa,US
e028bf4504d24ee2b54108c1cf63973b,US
e028bf4504d24ee2b54108c1cf63973b,US
c83118d3ed6f4afbb5ee8e02f0f29d9e,US
c83118d3ed6f4afbb5ee8e02f0f29d9e,US
6eb84a336b5e4a8d9c94c5a2ebf8c708,US
6eb84a336b5e4a8d9c94c5a2ebf8c708,US
bf97bf2109e74731819484dc8b02d1bc,US
bf97bf2109e74731819484dc8b02d1bc,US
3fdd9add77b545f3a8c8de423681a8fe,US
3fdd9add77b545f3a8c8de423681a8fe,US
9dfb64d475b342d7b49c63161fa6e9b5,US
9dfb64d475b342d7b49c63161fa6e9b5,US
f31404ba631d4d04ab28299971b8130c,US
f31404ba631d4d04ab28299971b8130c,US
220bc2816b064fd59edabd82be37d614,US
220bc2816b064fd59edabd82be37d614,US
ec953dccdcb24cfaa0db850130f53b78,US
ec953dccdcb24cfaa0db850130f53b78,US
1009265c0f9d45ef9487091ebb5bd596,US
1009265c0f9d45ef9487091ebb5bd596,US
75b72b3c0b954b8b8edbeaa0470d116b,US
75b72b3c0b954b8b8edbeaa0470d116b,US
5fb806944b9b4535bae7c7c43d7988d6,US
5fb806944b9b4535bae7c7c43d7988d6,US
33f9553d11cd4ac2a87c5858915d4a7e,US
33f9553d11cd4ac2a87c5858915d4a7e,US
2f0e1f3aede54b2a88a1e0dc8ed3a713,US
2f0e1f3aede54b2a88a1e0dc8ed3a713,US
73b377d292d046d5b8eebdb427642697,US
73b377d292d046d5b8eebdb427642697,US
c43c69bfd15847d4b7b4b623c3b8cc30,US
c43c69bfd15847d4b7b4b623c3b8cc30,US
6cae802ce68b49389745d0f6cbf070e8,US
6cae802ce68b49389745d0f6cbf070e8,US
c5264e0125ba4842bba29b31c3cf549e,US
c5264e0125ba4842bba29b31c3cf549e,US
db29dcc020d448d08fd785ec8f251f42,US
db29dcc020d448d08fd785ec8f251f42,US
26f671b3a4264d57b510302dc1b35445,US
26f671b3a4264d57b510302dc1b35445,US
66eb5dcc6a2f456d9cf9d2cb0f3f91dd,US
66eb5dcc6a2f456d9cf9d2cb0f3f91dd,US
d0355b11092240ac9ebc085da6d492fe,US
d0355b11092240ac9ebc085da6d492fe,US
824caa1a8c684969a7ecbcaffe6d43db,US
824caa1a8c684969a7ecbcaffe6d43db,US
4b2fa32d86f8412a8fa5157e1936c3b2,US
4b2fa32d86f8412a8fa5157e1936c3b2,US
08980fe2043a4de69050a6dd66d3b39d,US
08980fe2043a4de69050a6dd66d3b39d,US
9ce7f60d203b4e21b499c23203d4aac9,US
9ce7f60d203b4e21b499c23203d4aac9,US
8814a3d507724ab6abb207e9143cca73,US
8814a3d507724ab6abb207e9143cca73,US
fdc6fdbe9c5f49e7a283b47dfcb72132,US
fdc6fdbe9c5f49e7a283b47dfcb72132,US
470095663b764ee4b3f3b2bc2769e1a6,US
470095663b764ee4b3f3b2bc2769e1a6,US
a3728742e63740f0b26f067eefa12024,US
a3728742e63740f0b26f067eefa12024,US
1eb889f81204412b973a95dd79e5d044,US
1eb889f81204412b973a95dd79e5d044,US
a98e6a579a844a12a3bf331069cef543,US
a98e6a579a844a12a3bf331069cef543,US
d2776c337d90499da0a34b12251cc99e,US
d2776c337d90499da0a34b12251cc99e,US
a311549d79bd45e2ba4f7a165c3ed3d6,US
a311549d79bd45e2ba4f7a165c3ed3d6,US
fc38454aabfb43a3ae929d9e5f761dbb,US
fc38454aabfb43a3ae929d9e5f761dbb,US
69dead76b314402fafdcacb369a1cf54,US
69dead76b314402fafdcacb369a1cf54,US
fb5d16c3a52d41b2a43810d2f07420b9,US
fb5d16c3a52d41b2a43810d2f07420b9,US
3a63e8cbd5e2422d9be08477989b6a69,US
3a63e8cbd5e2422d9be08477989b6a69,US
cc617907bf074cbb838d2c2c31e5b332,US
cc617907bf074cbb838d2c2c31e5b332,US
b55b9ec9e68b4e6da656a4de1ccc6ea9,US
b55b9ec9e68b4e6da656a4de1ccc6ea9,US
427c406796114410b5338458ae76cef4,US
427c406796114410b5338458ae76cef4,US
078b8a4bc39e410f879fbd0427da588a,US
078b8a4bc39e410f879fbd0427da588a,US
f2235de78e074855956c74989e74eedd,US
f2235de78e074855956c74989e74eedd,US
c59128840bc84ba085ad7760573adf52,US
c59128840bc84ba085ad7760573adf52,US
446718b56a4f42319b85f88de87e6bda,US
446718b56a4f42319b85f88de87e6bda,US
50e95a6202f042cd980c26c4e55a936e,US
50e95a6202f042cd980c26c4e55a936e,US
0dead32446d34fc6be9e5bb34238f6b2,US
0dead32446d34fc6be9e5bb34238f6b2,US
3bc7402cc9a04cd4b1fd184907d7de28,US
3bc7402cc9a04cd4b1fd184907d7de28,US
8e0b28673ebf4b2aa3577560632c6178,US
8e0b28673ebf4b2aa3577560632c6178,US
e1eeef389f4949baa14524cae9e0ba9a,US
e1eeef389f4949baa14524cae9e0ba9a,US
c38cce8e13fe4f3e93fb2a33ec5bd59b,US
c38cce8e13fe4f3e93fb2a33ec5bd59b,US
6c5c99a549324fb4a5e946f42ed72425,US
6c5c99a549324fb4a5e946f42ed72425,US
9e01f0466d1a4ddbb03275bdef912c32,US
9e01f0466d1a4ddbb03275bdef912c32,US
6a2dda217b5c4b299f92b8ab9bded96d,US
6a2dda217b5c4b299f92b8ab9bded96d,US
10e4f47118cd4016aa655160e8a39f85,US
10e4f47118cd4016aa655160e8a39f85,US
82c4b410eb45454a99a800400a162c1d,US
82c4b410eb45454a99a800400a162c1d,US
eb78e28e49c64270846ae666b49ed533,US
eb78e28e49c64270846ae666b49ed533,US
897a557be37e47ca9dc0d933a83551be,US
897a557be37e47ca9dc0d933a83551be,US
13187f8b6abd41d79f3f55096635eece,US
13187f8b6abd41d79f3f55096635eece,US
77fbfac9732c45a5ba2b2c1642e5ba6f,US
77fbfac9732c45a5ba2b2c1642e5ba6f,US
9ad50080ba55498f896f9f705a2be59e,US
9ad50080ba55498f896f9f705a2be59e,US
80433da24d6b4aa5995591da449f94f9,US
80433da24d6b4aa5995591da449f94f9,US
24191fa976ca4b8ca7b42d2624c42d9d,US
24191fa976ca4b8ca7b42d2624c42d9d,US
041828ede4a24702aa6b8626f3c9297b,US
041828ede4a24702aa6b8626f3c9297b,US
ca6ecbdc5da447439758dfb4a6b93b78,US
ca6ecbdc5da447439758dfb4a6b93b78,US
3317f587b3ef456f851f5bae43f959d0,US
3317f587b3ef456f851f5bae43f959d0,US
c780926a4a4c467586580a93e2f80687,US
c780926a4a4c467586580a93e2f80687,US
d0b7abce915642858951d4e7a39238ec,US
d0b7abce915642858951d4e7a39238ec,US
6beca0da0d2a43928ce86fa259c27c2b,US
6beca0da0d2a43928ce86fa259c27c2b,US
a8f3ae06261e49878b3230309e2fbf7e,US
a8f3ae06261e49878b3230309e2fbf7e,US
d5907e8a520047b1b0683f1c2395156f,US
d5907e8a520047b1b0683f1c2395156f,US
debfbe7efa5d4e57b2ed17f038c1f786,US
debfbe7efa5d4e57b2ed17f038c1f786,US
a52edba269744d6a99a19f0bed1ea7fe,US
a52edba269744d6a99a19f0bed1ea7fe,US
04506c5919cc4c47af82da0a93dc2596,US
04506c5919cc4c47af82da0a93dc2596,US
b418b9b160c54bcca66a357f3d3998da,US
b418b9b160c54bcca66a357f3d3998da,US
793d918700ee40a09ef4a91a31e2227f,US
793d918700ee40a09ef4a91a31e2227f,US
c6279024d28e470fb1eee65adefbf9bc,US
c6279024d28e470fb1eee65adefbf9bc,US
356d235eaae541e9964112cc64ffb9f0,US
356d235eaae541e9964112cc64ffb9f0,US
69cad7b68faf4a97829dd4172fe64f57,US
69cad7b68faf4a97829dd4172fe64f57,US
aa7cb3e7b1324a2090bf7a730d97e323,US
aa7cb3e7b1324a2090bf7a730d97e323,US
522e9480204147989538c6ada1fc9f4e,US
522e9480204147989538c6ada1fc9f4e,US
affe773aee4b4469a8d93b8e86c992ed,US
affe773aee4b4469a8d93b8e86c992ed,US
728bc7cd6d274c8b86de5be399a68972,US
728bc7cd6d274c8b86de5be399a68972,US
c63fda1491d4400d86afa37b0171d3d4,US
c63fda1491d4400d86afa37b0171d3d4,US
020156764d7c488aae6514b9977134b2,US
020156764d7c488aae6514b9977134b2,US
ee6612f9330040aba0ca671d75bb0420,US
ee6612f9330040aba0ca671d75bb0420,US
225cbd12d86c4f33ae9b8060df344cb5,US
225cbd12d86c4f33ae9b8060df344cb5,US
32fbbe6ba9f24a0b8c836bb9b75d38ae,US
32fbbe6ba9f24a0b8c836bb9b75d38ae,US
eb3aaae10c03444daa8263036096ec68,US
eb3aaae10c03444daa8263036096ec68,US
14d6fd7a5a8f4415aa66fa6e666192c7,US
14d6fd7a5a8f4415aa66fa6e666192c7,US
3233ee69247444ecb0cfed17985dc896,US
3233ee69247444ecb0cfed17985dc896,US
3474ff4fc003481ab853ee7629c96314,US
3474ff4fc003481ab853ee7629c96314,US
468c22d702c3412db2f0a9e37baa7849,US
468c22d702c3412db2f0a9e37baa7849,US
0d106d674eeb41c887b602f6635bcc69,US
0d106d674eeb41c887b602f6635bcc69,US
e9b73802e4194760af45151f16fbc4ca,US
e9b73802e4194760af45151f16fbc4ca,US
b0e5528bfc33496c8b40c0ca20b3ddbf,US
b0e5528bfc33496c8b40c0ca20b3ddbf,US
764afafa10034b4884ca59e073161299,US
764afafa10034b4884ca59e073161299,US
c9ef2500bf5841aa90de0eae44d14ff9,US
c9ef2500bf5841aa90de0eae44d14ff9,US
e189b49ab30548a69addf6262bf1f6f0,US
e189b49ab30548a69addf6262bf1f6f0,US
4410552d14d44d12bd7703f0643f6d2c,US
4410552d14d44d12bd7703f0643f6d2c,US
d997405d67e847ed90a7cfee9606a713,US
d997405d67e847ed90a7cfee9606a713,US
f27318865f3543088e4089475bbcae4a,US
f27318865f3543088e4089475bbcae4a,US
9b20dc7bb6f3481ab0c9cb95b38b451e,US
9b20dc7bb6f3481ab0c9cb95b38b451e,US
d4bc3722ae1d4242adead50a9a29127d,US
d4bc3722ae1d4242adead50a9a29127d,US
6ebd640470b047f88f748ecf877ebd11,US
6ebd640470b047f88f748ecf877ebd11,US
7c96e734c28a47c7ac279fa557b9776b,US
7c96e734c28a47c7ac279fa557b9776b,US
7da5cf1759ac47d49e2ac9c6112defa3,US
7da5cf1759ac47d49e2ac9c6112defa3,US
283425c240aa497687a3399918c6006f,US
283425c240aa497687a3399918c6006f,US
732ae9299f8d4fdb9cb51533af862e00,US
732ae9299f8d4fdb9cb51533af862e00,US
ec2896afe3194ca69869b6540f854694,US
ec2896afe3194ca69869b6540f854694,US
62519b2b55ba4c4e948c17ae6a81e040,US
62519b2b55ba4c4e948c17ae6a81e040,US
44129ccc46884a55bd6a7215bd38b210,US
44129ccc46884a55bd6a7215bd38b210,US
ac686a3ea1ce4b289d6cef0233f28d11,US
ac686a3ea1ce4b289d6cef0233f28d11,US
fc8e3de76b0a41cf944eba0ae2aea643,US
fc8e3de76b0a41cf944eba0ae2aea643,US
8c24707e05fb4dc882a97ad223437678,US
8c24707e05fb4dc882a97ad223437678,US
924b9d88528445e8be6d0dc953a86fbd,US
924b9d88528445e8be6d0dc953a86fbd,US
3c077d081f6e4665abc26e46a0a0d200,US
3c077d081f6e4665abc26e46a0a0d200,US
4385f39587994800adce7efd531f8b63,US
4385f39587994800adce7efd531f8b63,US
a50f424b7c994398be880c6c5239e830,US
a50f424b7c994398be880c6c5239e830,US
3593ed7548f044b7a5bc66b3bf3285a4,US
3593ed7548f044b7a5bc66b3bf3285a4,US
f17892f3f9f84615ad090d1de1a61811,US
f17892f3f9f84615ad090d1de1a61811,US
8efb26cf01224fec866226a89abdf957,US
8efb26cf01224fec866226a89abdf957,US
703c34bf082d485c8615f7aa12527f7f,US
703c34bf082d485c8615f7aa12527f7f,US
c91f6c656ac64e3a8f09519933f060a0,US
c91f6c656ac64e3a8f09519933f060a0,US
0340a56145114fa6ab295b63670735cd,US
0340a56145114fa6ab295b63670735cd,US
d57b78298ff940bc813820670ae783b8,US
d57b78298ff940bc813820670ae783b8,US
0110765c01824411b03fac13a7b8f780,US
0110765c01824411b03fac13a7b8f780,US
d018eb51cf0d484b9a10a0bf7dcb479a,US
d018eb51cf0d484b9a10a0bf7dcb479a,US
edfa9dba6e324f228848ddd9b9a5b1b5,US
edfa9dba6e324f228848ddd9b9a5b1b5,US
6d118f323373468eb64accac0c4dd6bb,US
6d118f323373468eb64accac0c4dd6bb,US
d28a0ff4a0a94c9699604932dea99e6a,US
d28a0ff4a0a94c9699604932dea99e6a,US
2a62f61615bb4106bcea99303f33fd9e,US
2a62f61615bb4106bcea99303f33fd9e,US
ce2aca41bd8d4c238ef8935486f2a345,US
ce2aca41bd8d4c238ef8935486f2a345,US
cf7a538d39dc4ff6b54013f5ff00b6f4,US
cf7a538d39dc4ff6b54013f5ff00b6f4,US
9e1304bf24b94d61b5417b4d75080584,US
9e1304bf24b94d61b5417b4d75080584,US
6536ac96ba6b4a45a0d69840f48592b9,US
6536ac96ba6b4a45a0d69840f48592b9,US
9578299b992d40e6a5d0f120b363c659,US
9578299b992d40e6a5d0f120b363c659,US
60da39272a954f9ca29cbe0634f72844,US
60da39272a954f9ca29cbe0634f72844,US
8095419877d243aebe73063b6ac8cf10,US
8095419877d243aebe73063b6ac8cf10,US
2cbd61dba8cb4908b685ba67e519b77e,US
2cbd61dba8cb4908b685ba67e519b77e,US
9166982804564a35b7970c72fc23d555,US
9166982804564a35b7970c72fc23d555,US
83d067afcbc24f3b879c2492eb206b99,US
83d067afcbc24f3b879c2492eb206b99,US
5047e8df59e84434a236550ef30b5599,US
5047e8df59e84434a236550ef30b5599,US
c0f70da0d3c14fc2a6bfe3be2aadc1a9,US
c0f70da0d3c14fc2a6bfe3be2aadc1a9,US
57fb9d9e7b4b42a0b5feec74b1091ec2,US
57fb9d9e7b4b42a0b5feec74b1091ec2,US
0a6b0107311d45f29cf4a13f6c7a62c6,US
0a6b0107311d45f29cf4a13f6c7a62c6,US
aad54b7729ea46c3b56e361d8c42a5fa,US
aad54b7729ea46c3b56e361d8c42a5fa,US
cca185670ee54c58bcdc787bcc7b956c,US
cca185670ee54c58bcdc787bcc7b956c,US
699de25a19f64f1d8dfda36e00e289d3,US
699de25a19f64f1d8dfda36e00e289d3,US
f2b1f4c112a04e93bdab158c1f11d9ce,US
f2b1f4c112a04e93bdab158c1f11d9ce,US
b324bc44e8f4488db5c595d6db65e2e2,US
b324bc44e8f4488db5c595d6db65e2e2,US
e91dbd457df3442a97719c550c366cc8,US
e91dbd457df3442a97719c550c366cc8,US
ca0807de285644fb8ebf2ef6cc147634,US
ca0807de285644fb8ebf2ef6cc147634,US
779b0a5926c84b07a0ece4cd8b52d2d4,GB
25378dc96ff7406e9f93c0cbd16edce7,GB
e44bb97a835e4d658271bf38cb187abd,GB
20d4228f311e45509ebb3fc60c0c4605,GB
7de54c90f96643208e2e96bbc4e70587,GB
b7117e30f12f43368bc6c5a3a6ba528f,GB
7076bf43a6314ef7802a619fa4ca3628,GB
388e2de8a1e44b23883ec6b47c6e6b53,GB
29fc24823fff4104a2dc99e62b1d8291,GB
dfeaa3ddf7e249799b25b6d978b02542,GB
fd6b81cd6d0c4d58939cf38ea8d3114b,GB
873425aafd65480bae3cdd1e03e4a13d,GB
2b056f1a55d14ff1837ac3c567d07628,GB
3a1e24c91ef343bd9bcd84f797562442,GB
bbf20ca71463449bae969dc6ccd8b889,GB
bc1e5cddea8e491b871902a93c2aa844,GB
bdecad601164496583db8bd473caf411,GB
42bdb3a2e62a4e95939f0fab414afe8d,GB
d0b5db139fb14482a2a44d1b10dbcc04,GB
7b20610bb33340c58571cca9d16faf02,GB
163150efd510444e846fe1e7de80d66f,GB
84ba3e38c80d4b70b86f57fdf27b2b1d,GB
63015de9b9e74c0ebdb4372e22bc43f4,GB
930d7ff29dba4ffc8e208f8e436ed477,GB
9e565302fbcd46f3a672e99fe9e7d98e,GB
9760f912aff94b219d11caf251c4463d,GB
a3ce5de4edd34867bc7c8bb024ad9d45,GB
b6b37d7b1a3946c2b5b68e3aa4d67fc4,GB
e25a9f88cfd8446f943e1bff7a20dfc3,GB
2f2193eef4374239a5df7e7806f1bbe0,GB
835f7c3c1d714a92aa0e689a24445ff6,GB
6eab07c48b7d4c8c981112b150de1b4f,GB
ee283f9fd81f46649b2bc636e41e5f01,GB
c6ee5817794745788d48a3b35de91b9a,GB
826ffad0638e44bca73e9b680cdda06a,GB
fe97ac071a554ebf918bcbb922ce9eb6,GB
0879edfa192d4c7e995f9d0377e69c6f,GB
74371386ada54dd8be52c3c1b799233a,GB
73b8f3fd6a9940d38affa9719b161dda,GB
b3fdf24c492d43dbaa3baa6ae462c7a3,GB
206b7bf3a3a344ecb70e754d2ce3da12,GB
949fb1182437468fa0fcc92d65394818,GB
a7b25ca724c44f8baec7cccd642325dc,GB
23d859bfe8f54b37aa6e9bbd384110df,GB
fc39388eb35c434baf1ef36abe775941,GB
4ed1fdfb721043cf954ba065b82920c4,GB
b6f0e683e3cd409e9c8cde699557336b,GB
ac374dab7a6d4d85a0dc87b6035c0ba1,GB
f69a05f940484874937d41056993b91c,GB
b2a5b371743f4d40a5f5dc54202f104c,GB
8165f356343a47b483ffe0b630acfc8b,GB
1f5d4ea95c0f49d889e7224a6f11987c,GB
6ac60d532b644c069e08e54860e5de05,GB
93c2199bd1cf4b4190c770dced2d2b93,GB
f61303eff9104bfbaddc1515b9aacf5c,GB
585bd334ae8c48748d736a314b9fab49,GB
d736dee8e76c42e2925bf050a8d5a340,GB
53ca3a3ea86f4822aac57e1204beaa63,GB
d114933d5dc7409b92c94410be79fbe9,GB
26ef7d9473e04305b776cea8304c8d6d,GB
1a4d41acdac047ada40ad379c95d7374,GB
9cbc7f0e86cc40229cbcf5e06650f1f6,GB
e477a5886f5c4d04b2c79e2ce3daa6d0,GB
2f9ff636e4a14ebfb17fe4c189a379c1,GB
d9b8d7b42b12427c8ecc91ac002577f4,GB
4bd5c43289a342fc9f12ef733b32f6d0,GB
d89f19961b0c4150ad9452be4a37593c,GB
817c283d3eb345a3b732365814f0757e,GB
5e4cb7217b41463a9557e750aea30419,GB
9ae9df10426143ed9488428a6b80be46,GB
c0ec3f48cc374f29a00e92afe76226f6,GB
9ac82516408d402baccf25b37aea024f,GB
9a07d957a58042baa557e13f063e9976,GB
4e91f716308a44cb851965e152571a21,GB
541626b86eef4ad3a8deac2aeb5e05d6,GB
7d610b005edb4c758d2569f2a2dfab89,GB
d43b3319a70e4504b240d50780915b7a,GB
252a8ffb8f754a53814d127b6372d9a3,GB
82bbbe2deeaf417a98fa046bc3f181cb,GB
256ca41a29c8488eaef144dd3661201b,GB
9641dacd9c2849838a624ba84b24b463,GB
d948f50df95d4826b62ccee766bc8904,GB
312b7e6f8b394ff39b9c6136642f177f,GB
d06a0d5fc8594eaf97d542f0a0b018f4,GB
c55ae353eb9242389240f69c8c01cef2,GB
f92f451c32fe49b7b7d182f37df31d5e,GB
ed7223e5308d4f80902aee8aa2730489,GB
df2a1da9ae1c4b5a8ce3d51ee0938fde,GB
612ac0d4ac05469e824dd3c3f02f2d17,GB
e82127911e264c8d909084db4d08a028,GB
1e9562ceeb354f30baa80b32942f9212,GB
892bdd1d6eb84ed9ada5994aa14a1b71,GB
4de43063661b45219b07422733f005a4,GB
28007926ee694b55a5ac6c30a7a00fa3,GB
eb8bc8cba3d6495e968dc6903697ccf3,GB
973f15f15b464332812ebdcfc1bf9fcf,GB
a86e7593f2004f84902a93fddbc02042,GB
66a763b5fc874d91b3f6cbc4c1c09f8a,GB
32e8c27203c64cbe842ca7a4b1ca7ca4,GB
c4d993c726d04ed6a1d1c97a8c60fe27,GB
cbc57caf13ce4fe388d88b87dfdadb72,GB
db01c8499f2d44fb9b8a1f5b5f556060,AU
24e287c47092417193fb46ca9aefad71,AU
f172d0726e744fd6b25030872bf0d274,AU
08a2d6a81dbd416682b005b2327de90d,AU
6ba974e909d7465391bdd8b290050eac,AU
b62ed9a0d7e249d08b1efb86c9ca0695,AU
985820eb52af4a5788ef48f34a2a9b78,AU
6099e31a3eaa498e8117579008c092c4,AU
ea858046f4844f18a452872d0d1f5c1d,AU
890250bf3e0b42268928e512b6d6b2f9,AU
f9c51fac4a2346169a7df4ccab33ed90,AU
8fc72e22967643b380066e5a308b2429,AU
6f3549a059ba48f9ab0caf3ab992d2b7,AU
98524774c99b47ff8df817e9beedc6b2,AU
3254fb82055b48dca5ce8c1392be7b50,AU
480f23e0ecc34b35bf737ec03dcc5ec2,AU
4a680f6f85cd4e01b63b3c49e8145287,AU
eab03ed389914eb6be66208a5014ad2f,AU
9f55f000676b43b7b5c3adeafcca7c29,AU
0e05c22419354a5f83e1f9d4cdd021bd,AU
c7d3f60a63774f63b48e4d9828b78f22,AU
adb2de48ebf04881a53516e4a7ccec46,AU
06894eb87d93461d8d4c7d9921d05e4d,AU
c1f8111940794681a3c74c097d501d3d,AU
8ddf0562b6264d0fa1c603b47622fa05,AU
e98f28c55ff34dce8ae792358904d10f,AU
fd5fa7ffc2c242498c940115a06e8cbd,AU
701ba297c415477d9fed383f6eca01eb,AU
fb4e9657addb4487a09e6d591e49ad28,AU
5510ae61877f46cba19cd5bf54a36260,AU
a8cf3adc807742e89c9d8cd90a69b5dd,AU
40d57efb20f34be2ac8fe7eaf90c7437,AU
e55638359c91429ca1903470d9acf54e,AU
d5592a44776c4591a76243742befe0ae,AU
847cbf027b9548adb5030821eb13c968,AU
c16db052f41a46fe8cff1a8b2cced9a3,AU
c49403cdc32040d3b0ba41cffb5c1862,AU
a2666a4670b9472a8a45e19fe1047757,AU
4ffae056c7fd4492b9f638b8b12bc047,AU
fed619172e2b4b6391ce7c4b0238c75a,AU
8be0912d182e4201abebe5dcb1e227fc,AU
e39b30d6fafa496aa12a944097edc6e4,AU
fe070ef9b2954d9c8c1029eba7085518,AU
00220f8d7d1748b29c61524de3c02fc3,AU
09e058e0e939434f9b4dcace88366f44,AU
4244d3d94e43475d830b0f1e89d062b2,AU
4ca578d3741d4d579a3640aaeaa7c115,AU
276facfdd33546a1ac044aedc0172e53,AU
93054ad6ee114d69806e959c633d64fc,AU
ca3a1f5e77bd4ab893628e42ac1fa509,AU
9158f4ae08d94faebd3e032aa3f08917,AU
9fb33b07e530402ba0018d79787cc80d,AU
2a20625034874c1f88c435dd336887d7,AU
50ea9e4401d84ffa924726fe665ecb1f,AU
ccacfd1618e54579903fc1bad2c169b5,AU
e8fe486a11434d35b30e5948c1e87cd4,AU
83c6da1b952a492cb04e1383095ada19,AU
2f85015ce38f4e18a51367b07f01f8f6,AU
0a4ecf3e72e14515af60cbcc75be6e94,AU
7ea91e8eab0846b6abeea31fbb3c9864,AU
feffaed5c435481192a6bc7331dd6391,AU
9f9e1ddcc3804f969a1bc3ee4404f351,AU
c8ef78e5a1e04b2081561e0e5cb2485e,AU
a977088499c24f7dad3f40b63e8168f8,AU
13b45fbfe00e409c83982a3bff9d0d27,AU
5b937ca452884cf3a78f60cc1675c2dd,AU
f25294413dcb4cccaabc5c6b664b80ea,AU
d7d478b92d0145378b99108fc2b21c1b,AU
bf2b742cd2ff4ca5a0d2e08af44294a2,AU
2f4ff6d930764ce58c54a595e25533e1,AU
9a3c1e2c7c074070af8f031680b1029b,AU
d1fa01cf965a49ba81712ab5401a3f4e,AU
7b756bd24a4f458ba518a4f276576ce4,AU
b408357125b242f69b1db7ba6c93b50a,AU
1fbbef42716a4494ae2d9adae8bb9150,AU
1b429ef17a2a4691a3ede49d8fa7bc7f,AU
3652f0ec307e4569aceb6a148f4a3a13,AU
4eaa1003bd79457985c483cbcdd52ae0,AU
e1273eb427db4100a350a98398b86777,AU
e4f5383d04724c73b5839304d46e8b4d,AU
53b72d3a81f64f859e267df6eabeb80e,AU
599978c5ba2a4db19d566dd911895d25,AU
41a6eaba75a345839be5a167b78f7f23,AU
f6e77171115e4e8d94a426dc60720a9c,AU
b29c4e3c09ad4349b78fe70b15cb471f,AU
81e51fcabd78403b9c090b8b2c3a1124,AU
9b10059fda6a4a0b8ce5d0eef70e5dfa,AU
0bcb13221507429797fd046ff6d9c42b,AU
da336cfac6e34c0cbe6d2baff408ae71,AU
b9029cec500d4a2bb4089d112fff322e,AU
b0b0419b20ba47bd92e5d50c6855930f,AU
92fd652183714a5f944bb45b5a939a10,AU
e1c58f30515047c9aa4dac1533767f75,AU
6a37a5f616454017ab8c21e9954903ec,AU
b0a92c27ac514b9399a7dafbd980fd6f,AU
6d0c4b20afec4afb95e8380ad069cb91,AU
f6e4403302a5440f800624828a7c66cf,AU
6c43a7a051ca457e97cd96b32ed988d9,AU
b861ecb0d3e24e74b1ce9bc25109e114,AU
a53fd7b1efb14f03a09a21ee85c6dfd4,AU
47529da721724a26ad064b7d1d6f21e7,AU
a6b8b821be104bffaa0e43e731f52512,AU
beb125e742f7447c92454f477d704d72,AU
e8dc96f535a749ad926452861dbad6ed,AU
014e6520a9d7498eb63859a5b1974ba9,AU
23fcdd5710674b1d955f89a286ab75d0,AU
bdcc30aebc4b4dfaad4f5f6ed9053a0c,AU
116722d153f84f1e8075e09bed8ab057,AU
2cdcc1b2043c4d5e8fc10f26fa0d9cd7,FR
4419340e39984a78bd295cb29c22ac01,FR
11c1b1b0f9ec454ab04f87133b69138f,FR
e3313a390a10437685eee802151b8da3,FR
789ec64f3a334f1ea8663d1a312d5fde,FR
9f629a9ba8f94c9a96827b60c7aa0d96,FR
20cd7e502c1749a3b5510b033a9d9186,FR
b0b9f469982849d09078050d314fab2f,FR
f65f246206df4441a1b9e4cac5a0e67e,FR
03a471aa6b7a4a96ab19ce7f4132e820,FR
1abc015c5f4c46a192a5c5ad48be94a6,FR
b1b765dc891545a18a8d39404746f524,FR
8585b7873fa1485c85fa54f4ec3bf61a,FR
d5a9e9cbc7284e4cbad81cc54ebfc998,FR
770830bf7666458cbd14adbbcec47d6f,FR
8f7838291ca84432b59bc5c18e421cc8,FR
66ea74acc55e41e596cb57fee0945d17,FR
a18e4f62883646bb9c9ad0a34bdc46ea,FR
7e04d5b2335e4357a03577417f104a41,FR
011b0834dbbf4d60b81c0b201ac7adb9,FR
f62ecb5307bb4943a7aa62817a7cf24e,FR
600f4c3da5e54c30a7686773bb5cf1d6,FR
f2c24e4bf7324283902c053d19cc6c1e,FR
102d750fae28427f9f3e5538abf8d697,FR
a162247c554d450fb1dd0243ac041561,FR
17dd84ac9c54447b8ccd506e1042b279,FR
433fc35a5f97428b943ada663eb68ab0,FR
6ebca6235c5d4928b2f8bd29e889a41d,FR
4c58cd16c0214f42acd6ae7411688adb,FR
691eb88722204305acdd711c503b7f4a,FR
4ca33f3ec8d548b6b1b01faa1b92f6ca,FR
3bb117ec447042a185f61c78c4e36f9e,FR
98dea0621e5a4cee820c42a8a70d5ee3,FR
aef660183099424ea2dc1d52b667496a,FR
dc4f97b8650a446a8b68e1f705f54b84,FR
8b25452c42bf4e4ea135536c0bc2dda7,FR
28b3adf8d1b343f08641df639ef68814,FR
5a226f2c989449269e91d7e98a64e863,FR
e79cc4d2989b4a08aee3563f19b0bce6,FR
00f816b7b2ef4e2e89ef1abc33245680,FR
4131819ee2f243038a6df14c8738c63b,FR
f1e6b9e7bfb24b68a85222ee33ae153f,FR
906c029bf05d43ff8e4b0a95298e173c,FR
8e33a6215a7d4f14b5c844855062457c,FR
3c54efb1b9c64bf49bacd2c035f1b607,FR
b6739551b6934b7aacfb0bc1a38162f7,FR
af726a13e8d2425aa324061227595a39,FR
110dcc779a7246aa9a4925d33f77b171,FR
d7262fe7a8fe4e6999a0f40698c6b7dd,FR
d82866addacc44a2b631d1185df82d6e,FR
2771f5efdbaf43a2b180f8e3f2118595,FR
764acdf05a934b77a66823d9aaa66100,FR
3bda34fb8a7e483383027d5b03577264,FR
03f125b43ec1408094e09b5006c930f1,FR
84c96e6b15da410598da67384a028a10,FR
eaff8dde306243a1acb3ca7cb986113d,FR
4866f63f82e3463284491b6c78bdb92e,FR
c1f16ae048ce4673b096dc189f164aff,FR
467e4ba13857475285cbc83be961957d,FR
851e3180c829422a87fd31d80461f3e2,FR
23980d1e84274f3bb9d58f5884484d4c,FR
50147cd1c2144fe5a19dfab917724565,FR
631f27aa401f4f7fac17c8bbe5feacf6,FR
dced4cc637b3421f9a14ea061203f82a,FR
44775484d77c47dea1a3333deb13cada,FR
0c8bee1e1d7b498a9f296f093cda29fc,FR
f6408603f0f844668b0b1cf1ed0358fe,FR
1bd052154d3943cfaf0c955095e38f22,FR
8c0dbc1a9966497f8e9fc0770611e768,FR
742c76a2d3c64b698b53e9e6e32bee9c,FR
c0aba2c2ce2a49d1a983f4c096df8dd6,FR
74cd184d31234711a9a3237fd97c7eab,FR
7c1d1e4efe794d86b37cb8d86fb2a3be,FR
f35545dda8244866b6b1f4076f711616,FR
fddb021214fd4655b01ee14a0004cf51,FR
aff6bf5dc33d46baa1565c4d74e12780,FR
c66d23031e5e46119c2fe7343dd23d8e,FR
0596bb244f7941e3917318bf3f88b10b,FR
3426f2057bf541d2be89971f52abb199,FR
cb7d027d2bcd452bbef35db7ce8f52d9,FR
fb23457c0d2d4cc2b7d678b7ec35ca81,FR
e749c74c81034228a3edb9c7046105f3,FR
db91985f79c34a859d178fac79200123,FR
67869858d7ae441c891463ede027bdc2,FR
562f3f71d11844dd80b73b7aa932a12b,FR
44ad5e5467ff4d6f9b5a011c546569dd,FR
c513922edf51424eade33cb64aa27745,FR
e609338fb58946d1b01b924383515b7d,FR
aca6125eb48c4057ab1900260a06ec65,FR
50c40213ff644dbabd0a37becbcb9a42,FR
5c8b9239c13847cda7febd6dfad7733b,FR
75d8067d9015486a807585db87ad0972,FR
476d489e05b046dd9d9af0842f319921,FR
9ac7314ef7264a478ad6d44af0ed19db,FR
e2acc40d9b7649fc818a69263b401695,FR
c4523e2472134b4ca59093b2b076ba0d,FR
71060bf3f5d042d6a80744216a496a41,FR
75b9e709ddca46a9a99331a3efb57d70,FR
a9930b3b02de400785e366ac2e12e958,FR
062cf716bcdc43beaf48593c1b9cb963,IT
2a1ac12503e24f428941581b454987ad,IT
5ac241067f0a4288aa2c663df7f5cf4f,IT
f2ab83cbda614821b5b8112905bb47e8,IT
5644765f0dad4aee8c09f3b1fa5232a3,IT
3204e922519f43b48f8bf6cb9528786f,IT
4da41b71362a49e68da9a34cce1c65a7,IT
bdcb2d977ddf4bcea56a95a204541dff,IT
8fb4a7d7903e4589bff5694d3561aa2e,IT
f22119c9da2a48368ea2129c596c2d14,IT
49b28522f82a4813a42bff73bdf7a672,IT
eeaeb4a3b57b4972b0b2b6661fd10a66,IT
1d8c9a2beb744e7280a7b34f0c13fa91,IT
28415596e950482c852182f8bc827340,IT
48ef490bf08840e5b444237f77ddfb5a,IT
caae1305f7a0471ab8b05846c2372ecd,IT
5d1b574584514beba123f3a2a3db5010,IT
9dc8e84651f54988ae9c2b043fb90a39,IT
6ea1e430f0904d26988cfe6ce7fec6a6,IT
98a4e4c455e043d99e3878882da54374,IT
33245f2579de49a8acee1172976c3f3d,IT
80bb3d612f1148849e0c1a3b0697f0a1,IT
f84b3c815c7248e5a623c7b3f38400ab,IT
7d5aa2511c394fa680384fc6154146cf,IT
ea94b29f3ae8438a876f8aec78da84c8,IT
0dcfc0603c654474b9aec917eca44781,IT
6126c57799fa4398af05e06b1edd8490,IT
30200c2c23d44693a293b1399700c329,IT
7d166a6438b44d88a1defe0c66f6358a,IT
1faccd528d7d4aa098e2fd953a74b75b,IT
c192f810c731428d905daa488975df73,IT
6082b5a5f3fd46828bebc52590e47372,IT
fb4125794d0f45aca31b404c49cb1079,IT
5252a2805a2f4e6b8f49b776a5d9e31b,IT
262f357668d140cd85c2a346c39a8242,IT
537b44984b87466683adf9567253d39c,IT
2892a203a91a45b085c596aec8e3f249,IT
623c7df2356d45c69f5d4675b6c24042,IT
654072daf1a745ce9051d6fa9f23c739,IT
b6bbf0a9f8dc4315ac8b33d62191e5b2,IT
bbfc524a360a47f487281585b56c5d07,IT
15077d5d18e1457fb46b9eb4f1f0774b,IT
fe754c88b92746ce825a3ef2da6ea408,IT
14f307a20c514430b2831e20b53adcf6,IT
bf351a6685444c8196ebeeca0c69c19a,IT
048ad21ccaba41858db247849b42b45a,IT
08ce6252e0c040728fa860e3b239157b,IT
ae6fafd03a774dd4999cdf504e17adb4,IT
96d55b164dcb42009cfefc02025c9fda,IT
75b3842fac3f45c684258987c60157c5,IT
8c53fda793704e1384f7bd97df33ebb5,IT
b72a12fd98da476192c6ce4d5221eebe,IT
23be7dbc3fc847199521ae53562affb5,IT
e9914b814c2a4191b0755ad4ee629933,IT
717774214ac44166a16eaab0713183ad,IT
9c7a8ad8c0f748dd961fb9478e7546e7,IT
c56371e6534d4bc3ac0e35b086ee57fc,IT
cb626d989fc74d1f8b1f28e7ccc78a4b,IT
d29d1aafadfb49dd9fa4dbacb46664f9,IT
d4d54fb82c2241ca967805273b0a605f,IT
4afcee02b5934629bcf15880e53e141c,IT
43104f7ac9de469a84c60d5e4fa821ef,IT
dcac7db4862f4cc3ae5d47be9726327d,IT
84f25481459c4d6abe7c50a70792bf6d,IT
9e3891d333494661a22c8e1528efd049,IT
b4a4f3c4d1914fbf97355256742103b6,IT
c61652d926e54d0e9069213a838c6f17,IT
c0b88b0bab9445c4aaafac99d5762d1c,IT
44c8da93f1eb46169fd28c5a19b553b7,IT
e1bdcd6ab9864e1aad5f805c52080400,IT
7523816d6191462cbe4f3126386b1ceb,IT
1e906cce3451439390b57ca958cccaef,IT
e1c187932070471f8229cc487e8bb1d0,IT
e063cba19b114364ba09612c4edfa582,IT
5dea58613a334d7395d2e1d9fd87b79a,IT
253d4b5b91964ed8a4d93c94529ac15d,IT
f4a99a9a574f4ad897ec6182b94bcd86,IT
95d5731e64e54f348792f52a5df769d1,IT
b3cdb6f080d34f6da277d65a19226cfc,IT
359600bde6cb4e9899f0542775e9ba31,IT
204b401abec04f628b477dae84cefe22,IT
0ad96964aa044279946f1e799ef33cc4,IT
e4e71802b52446c4926b0eec564ed95b,IT
3ada5d1d823549c4b0a5c2310c71a7ac,IT
e3488d29a65645f392d6bf8ab25d06b5,IT
c71f9b10de1e477882d16cfdd9a3e75e,IT
f54fa2e27d724cc3b74f3aa35361eee6,IT
d4e2840a914d4ec38055f5ea9be75aec,IT
276cd7df365a46d3a58d1b3c6df953e9,IT
2a4134578a374ba38c63baaff678e71f,IT
d143c7ba9d654c4280295e86479e076b,IT
94b96ce510a141dfad6249df74ba3203,IT
913424f44f474a8594fc5dd98f9c1aef,IT
a2b6539c163048ddaaf58c9605ca5090,IT
ce00e648270442e5bde5e1473ec96d19,DE
ce00e648270442e5bde5e1473ec96d19,DE
ad3e381ffdb847f0acda15caeca1ff4a,DE
ad3e381ffdb847f0acda15caeca1ff4a,DE
a3c7ec2a1c7d46ec82a41407e30387c0,DE
a3c7ec2a1c7d46ec82a41407e30387c0,DE
c22fbba091cf4c05936d964abf6c663a,DE
c22fbba091cf4c05936d964abf6c663a,DE
7f0fae306110443e918444b552737f9a,DE
7f0fae306110443e918444b552737f9a,DE
c0fecb98b7af4b7188b2ed903e4b696f,DE
c0fecb98b7af4b7188b2ed903e4b696f,DE
060fcbc424924a1b8b68398f37aed7e6,DE
060fcbc424924a1b8b68398f37aed7e6,DE
29ff321f1e1b4c9aa562de1affdf8a8b,DE
29ff321f1e1b4c9aa562de1affdf8a8b,DE
b0c844f08db640d8827215ed4e1ce5d0,DE
b0c844f08db640d8827215ed4e1ce5d0,DE
352c311aa8ff4132a3517c51a67e6e91,DE
352c311aa8ff4132a3517c51a67e6e91,DE
8b46b161e44a4979a22f18a0dbd41fb7,DE
8b46b161e44a4979a22f18a0dbd41fb7,DE
60cf2fe285ea42cdadcead4807067ef6,DE
60cf2fe285ea42cdadcead4807067ef6,DE
8f3d8d62cd864391bc7bf11f1a9f6fa5,DE
8f3d8d62cd864391bc7bf11f1a9f6fa5,DE
8b2a70b0e50f471b9da70adb575929ee,DE
8b2a70b0e50f471b9da70adb575929ee,DE
f758d1fe97154ee4a6e2588dd54c6978,DE
f758d1fe97154ee4a6e2588dd54c6978,DE
4b5eeb86223740b7a6c10166039a9460,DE
4b5eeb86223740b7a6c10166039a9460,DE
4e56e00a829b47ce8c10989cf630ecbb,DE
4e56e00a829b47ce8c10989cf630ecbb,DE
df8fc04b32f3407fa7518c5eebbda56d,DE
df8fc04b32f3407fa7518c5eebbda56d,DE
d5b8ee0f6237442689eff7d7c1561bbb,DE
d5b8ee0f6237442689eff7d7c1561bbb,DE
46d30afb999547138ab04d66dd2c3bd7,DE
46d30afb999547138ab04d66dd2c3bd7,DE
97c4d4f5d26b4d278fc14f3da232417c,DE
97c4d4f5d26b4d278fc14f3da232417c,DE
1d7df19f6a0e4281be781328d312f968,DE
1d7df19f6a0e4281be781328d312f968,DE
c5bfe2f9255c4e1c8ea575267a7d58ce,DE
c5bfe2f9255c4e1c8ea575267a7d58ce,DE
7a058bc9ee3c40d3a6b91db47834640c,DE
7a058bc9ee3c40d3a6b91db47834640c,DE
aa33dc75d88641109532283f653929aa,DE
aa33dc75d88641109532283f653929aa,DE
434a78df73c849f69423d0a198fcb7b6,DE
434a78df73c849f69423d0a198fcb7b6,DE
a1370a61bd5f45cb81fdc535678bb7b0,DE
a1370a61bd5f45cb81fdc535678bb7b0,DE
7b8e0fa3cc034219a325a4ba63b29076,DE
7b8e0fa3cc034219a325a4ba63b29076,DE
f6c0a483bdea485eacaee6fe64c89724,DE
f6c0a483bdea485eacaee6fe64c89724,DE
7ca2467de8fc4bc28e79537aa38c39e4,DE
7ca2467de8fc4bc28e79537aa38c39e4,DE
090dab4b0a154917b87653d303a14d4f,DE
090dab4b0a154917b87653d303a14d4f,DE
b1dda8d1f35c4b6faee4fe68edeffd77,DE
b1dda8d1f35c4b6faee4fe68edeffd77,DE
4876d91cf5864b22b39493157978986b,DE
4876d91cf5864b22b39493157978986b,DE
978b706893774f7babb7c93163c88c95,DE
978b706893774f7babb7c93163c88c95,DE
07d3835a136b4d3c9c0209ca219cbbc4,DE
07d3835a136b4d3c9c0209ca219cbbc4,DE
00c7c34cdbc6480aa1359de5bc3bf6b1,DE
00c7c34cdbc6480aa1359de5bc3bf6b1,DE
474fbd6d530b4e8ab2e29757684b5684,DE
474fbd6d530b4e8ab2e29757684b5684,DE
3d6703cc2f54452085cf7c2f6b82851d,DE
3d6703cc2f54452085cf7c2f6b82851d,DE
79e062d5567c42ac8f386baf6b2457e8,DE
79e062d5567c42ac8f386baf6b2457e8,DE
9755d3609260485bb91d010c38d774ab,DE
9755d3609260485bb91d010c38d774ab,DE
87e94338683940289216c4b615640770,DE
87e94338683940289216c4b615640770,DE
d8e217754cd14e1ca3573e25d0b9b2a8,DE
d8e217754cd14e1ca3573e25d0b9b2a8,DE
8bd2c624e02346f99ea0773f949e2051,DE
8bd2c624e02346f99ea0773f949e2051,DE
509dd46fcaec46a8a68689aadb7a3102,DE
509dd46fcaec46a8a68689aadb7a3102,DE
b0953b55b843490cb7058ce4df6232c6,DE
b0953b55b843490cb7058ce4df6232c6,DE
de684b4ca24247d79d43ae40c791fcff,DE
de684b4ca24247d79d43ae40c791fcff,DE
4bee935ad1704dc38d89c28dc4624d1f,DE
4bee935ad1704dc38d89c28dc4624d1f,DE
519787c1b19e4704978a112a8058b010,DE
519787c1b19e4704978a112a8058b010,DE
bbb99a9a290f42a1a1ea92a95cf6357c,DE
bbb99a9a290f42a1a1ea92a95cf6357c,DE
56f8a2e6ad804b568bc8ba7e5413584b,DE
56f8a2e6ad804b568bc8ba7e5413584b,DE
d646d893bd794f469667bbede304cb36,DE
d646d893bd794f469667bbede304cb36,DE
cfd0b76ac18c4522aab1322c5ba99c4b,DE
cfd0b76ac18c4522aab1322c5ba99c4b,DE
a27c8edbee724b20842b45618a9ae390,DE
a27c8edbee724b20842b45618a9ae390,DE
00891445c6514149a07d10ea6dfb2245,DE
00891445c6514149a07d10ea6dfb2245,DE
037411ac65104d65b58a14bab26ff955,DE
037411ac65104d65b58a14bab26ff955,DE
8cef12d17dad47368ab4dcdf03c3349a,DE
8cef12d17dad47368ab4dcdf03c3349a,DE
d542bf7ef66a469f9f4996879ce6ad87,DE
d542bf7ef66a469f9f4996879ce6ad87,DE
8c3585c92aed44528dc98087b09aa7f9,DE
8c3585c92aed44528dc98087b09aa7f9,DE
5fcdaf04f60b472bbaefc2ad44a8aaa0,DE
5fcdaf04f60b472bbaefc2ad44a8aaa0,DE
94081734de904934ad7670b581fb92c0,DE
94081734de904934ad7670b581fb92c0,DE
055587ad333a4615885decb9076b24f7,DE
055587ad333a4615885decb9076b24f7,DE
c2777aac43fb439eb8cea93ae198eb75,DE
c2777aac43fb439eb8cea93ae198eb75,DE
638ff11be40c4e8ba0c2cb34f77b4393,DE
638ff11be40c4e8ba0c2cb34f77b4393,DE
bf43906dba0d4a7895671107bf129623,DE
bf43906dba0d4a7895671107bf129623,DE
ae635f50c1b744a6bad031b0110969fc,DE
ae635f50c1b744a6bad031b0110969fc,DE
0483dd1dd1b34059ab30104e95a06f32,DE
0483dd1dd1b34059ab30104e95a06f32,DE
1402a1a3991d4672a23995cf46f893bc,DE
1402a1a3991d4672a23995cf46f893bc,DE
6d4babcc24a44213acfa643acef4afaa,DE
6d4babcc24a44213acfa643acef4afaa,DE
8601736845ed4ff19bd3a1ecac54a35a,DE
8601736845ed4ff19bd3a1ecac54a35a,DE
14f93bb9be134ad1a62e82caf7cbce4a,DE
14f93bb9be134ad1a62e82caf7cbce4a,DE
08c5676a9b0c46cb8f7137d501aca5e2,DE
08c5676a9b0c46cb8f7137d501aca5e2,DE
44ff737b5cc6448fa164a42433881fed,DE
44ff737b5cc6448fa164a42433881fed,DE
7ad28106048d4b6887541b6f961a2bb1,DE
7ad28106048d4b6887541b6f961a2bb1,DE
5da46757a8f540e094851e84526f9235,DE
5da46757a8f540e094851e84526f9235,DE
e950dd9283ee4119af295066099b7e3b,DE
e950dd9283ee4119af295066099b7e3b,DE
995c5be2ebad4d17a65673bd54954f51,DE
995c5be2ebad4d17a65673bd54954f51,DE
d1cc5e93f0fd4cb18bda738d4c87009c,DE
d1cc5e93f0fd4cb18bda738d4c87009c,DE
ace32fb89c9a4b8cb85a0c472f18a68b,DE
ace32fb89c9a4b8cb85a0c472f18a68b,DE
77bd685ad10740858ad5a69bdf36255a,DE
77bd685ad10740858ad5a69bdf36255a,DE
9c5f62633a684207ac9ba4840d60f140,DE
9c5f62633a684207ac9ba4840d60f140,DE
fa69e9b54ee845a09fe01a81891d254b,DE
fa69e9b54ee845a09fe01a81891d254b,DE
872d4f7481f845bea7b38926dd0b7424,DE
872d4f7481f845bea7b38926dd0b7424,DE
48f56da25f2541e8a2b114681a206d77,DE
48f56da25f2541e8a2b114681a206d77,DE
161f31f91c3f432cb5d5cc508b01353f,DE
161f31f91c3f432cb5d5cc508b01353f,DE
6451fec431d44307bdf057239a434e41,DE
6451fec431d44307bdf057239a434e41,DE
c0964d1be35d4cdcb66dc13df42b7a33,DE
c0964d1be35d4cdcb66dc13df42b7a33,DE
16bb7947cac047e784137df5272a26f4,DE
16bb7947cac047e784137df5272a26f4,DE
acef42c468b947278b32d1cee97f954e,DE
acef42c468b947278b32d1cee97f954e,DE
d2f088e0175141af971b06fba2d754cf,DE
d2f088e0175141af971b06fba2d754cf,DE
4f52b131c25646f2b2babe374ef40f3b,DE
4f52b131c25646f2b2babe374ef40f3b,DE
d64d0fafe2754221bf5f012285e2fb31,DE
d64d0fafe2754221bf5f012285e2fb31,DE
297349c4fe3740f8a493a40f282474ee,DE
297349c4fe3740f8a493a40f282474ee,DE
44201b9f0010482b9b99893d29853d53,DE
44201b9f0010482b9b99893d29853d53,DE
26be3b3496304dd0967c4becf0ad6de0,DE
26be3b3496304dd0967c4becf0ad6de0,DE
1ef8af6928234f128ae0f7f52469b622,DE
1ef8af6928234f128ae0f7f52469b622,DE
3ed86dd02ee74ab19213291faf75d604,DE
3ed86dd02ee74ab19213291faf75d604,DE
fddc494818734365aea9e096cc3e88ce,DE
fddc494818734365aea9e096cc3e88ce,DE
882d4688e25b4e96bb36acd3dd027d96,DE
882d4688e25b4e96bb36acd3dd027d96,DE
680649ecae24436abcf4680053ad285c,DE
680649ecae24436abcf4680053ad285c,DE
4d6ce24e47724d3fb9576669129f1226,DE
4d6ce24e47724d3fb9576669129f1226,DE
395d60a2cf674d0aaebf6e317d2105dc,DE
395d60a2cf674d0aaebf6e317d2105dc,DE
54f45a14cc954d9a82676068b29f926f,DE
54f45a14cc954d9a82676068b29f926f,DE
6edb49676cda41b1828b15ef1d4078bb,DE
6edb49676cda41b1828b15ef1d4078bb,DE
81d0ed79f1004999a5891c8df9e75cf9,DE
81d0ed79f1004999a5891c8df9e75cf9,DE
78f6a9e15c0440dc9808e791c50f3bb7,DE
78f6a9e15c0440dc9808e791c50f3bb7,DE
992dcd4013ad4cb0932c695ee3908c65,DE
992dcd4013ad4cb0932c695ee3908c65,DE
f7810701453d4917bcf40b0a93541931,DE
f7810701453d4917bcf40b0a93541931,DE
a943b5a897ee4eb9b44b31757433b304,DE
a943b5a897ee4eb9b44b31757433b304,DE
6ce4f06b4de842f89eedb861bfcc5305,DE
6ce4f06b4de842f89eedb861bfcc5305,DE
357fd45cf8594c47a9fbe936f2480dfc,DE
357fd45cf8594c47a9fbe936f2480dfc,DE
a7007928675d436593417f9ced263c40,DE
a7007928675d436593417f9ced263c40,DE
03c9ca5508574bdb81b9fec55ff6e50c,DE
03c9ca5508574bdb81b9fec55ff6e50c,DE
5f652b1862f148c98558d3434d21fdc4,DE
5f652b1862f148c98558d3434d21fdc4,DE
47b81601bd5f4916b3ae12d30fc9fbfb,DE
47b81601bd5f4916b3ae12d30fc9fbfb,DE
1ce340582d084451a34851ae9ca7ec13,DE
1ce340582d084451a34851ae9ca7ec13,DE
e3910a9c1383488191cbf1a559135c24,DE
e3910a9c1383488191cbf1a559135c24,DE
a144169a0ff949a39cb4d42c0816d9b0,DE
a144169a0ff949a39cb4d42c0816d9b0,DE
c67e6caad021486ca9d91dd067d255bf,DE
c67e6caad021486ca9d91dd067d255bf,DE
ac217220d8e34163bc86001cec797c6b,DE
ac217220d8e34163bc86001cec797c6b,DE
dafdf81920794ba393b22ef3e5905b66,DE
dafdf81920794ba393b22ef3e5905b66,DE
def0f91742e644c6b331745f0247049c,DE
def0f91742e644c6b331745f0247049c,DE
d2dc9d1e649d48bc8476a6c8a7afb9a7,DE
d2dc9d1e649d48bc8476a6c8a7afb9a7,DE
49f809560c8a45f5976fb5d9fdb14ca6,DE
49f809560c8a45f5976fb5d9fdb14ca6,DE
0f78cc9901414523b0c058e83b46d2ee,DE
0f78cc9901414523b0c058e83b46d2ee,DE
9b86ac34b1884d7d890af42ff41703bd,DE
9b86ac34b1884d7d890af42ff41703bd,DE
a682359f87704635bb77baae6de170f8,DE
a682359f87704635bb77baae6de170f8,DE
e58bc5352ba64d4d928acf3260a6c7cf,DE
e58bc5352ba64d4d928acf3260a6c7cf,DE
a84a2a7398244caa9472fce26a7d67bb,DE
a84a2a7398244caa9472fce26a7d67bb,DE
2493d0a2bf9d4b3f9028546cb37e5d68,DE
2493d0a2bf9d4b3f9028546cb37e5d68,DE
b133fdff27724f4b9869160a4fc3b788,DE
b133fdff27724f4b9869160a4fc3b788,DE
ed771f2918e94ed7b8c73adb2aca9c2a,DE
ed771f2918e94ed7b8c73adb2aca9c2a,DE
fe8aea70484a491fab259b769126935b,DE
fe8aea70484a491fab259b769126935b,DE
090f6cf8e4be4d55bc3fca2dffbda23c,DE
090f6cf8e4be4d55bc3fca2dffbda23c,DE
387c0597dcd2466584617d203d3bd162,DE
387c0597dcd2466584617d203d3bd162,DE
1a4e53dcc7dd4dc09b04ae2d984081c0,DE
1a4e53dcc7dd4dc09b04ae2d984081c0,DE
73336d414cd3444fbce590938f726b68,DE
73336d414cd3444fbce590938f726b68,DE
c2aa90fb69dc4a36a24f6cf109ef72fa,DE
c2aa90fb69dc4a36a24f6cf109ef72fa,DE
db3c054a000848068b61cecaefd62e2b,DE
db3c054a000848068b61cecaefd62e2b,DE
78b54b4335a34348970fc185ad4fdc0d,DE
78b54b4335a34348970fc185ad4fdc0d,DE
f6f26ea273474c9eb28fbe445ce77c53,DE
f6f26ea273474c9eb28fbe445ce77c53,DE
bdbf05be38c54f27bb3b40dc4a821a5f,DE
bdbf05be38c54f27bb3b40dc4a821a5f,DE
fc86be9b53d74807869910ae5a2b459d,DE
fc86be9b53d74807869910ae5a2b459d,DE
22e550998a824de48d832d51758fec5b,DE
22e550998a824de48d832d51758fec5b,DE
bc9b1f32b8b94e8ab3b043c013125046,DE
bc9b1f32b8b94e8ab3b043c013125046,DE
8352c07fa67a4e148a7c84c71fb82d68,DE
8352c07fa67a4e148a7c84c71fb82d68,DE
648323b399ac4a9e90c66b29a2e71dd2,DE
648323b399ac4a9e90c66b29a2e71dd2,DE
ac5e8f48e3714a588ac3c619cee0f690,DE
ac5e8f48e3714a588ac3c619cee0f690,DE
90462e07353041caaf97f8f4210b899a,DE
90462e07353041caaf97f8f4210b899a,DE
0b1aa2ab46ad4cfcb4a865c015bc1e75,DE
0b1aa2ab46ad4cfcb4a865c015bc1e75,DE
05e2ef9fd0ea4c5abc98c8d6ff5ebcc8,DE
05e2ef9fd0ea4c5abc98c8d6ff5ebcc8,DE
087e2782e2764147b4a698b6af11c625,DE
087e2782e2764147b4a698b6af11c625,DE
2141da1ed0844ea8a2bf1c361961efdc,DE
2141da1ed0844ea8a2bf1c361961efdc,DE
facfe52a68f044ae810b808d7f0ec92f,DE
facfe52a68f044ae810b808d7f0ec92f,DE
b1c12fe5f4e546fca1ac904de404b5ee,DE
b1c12fe5f4e546fca1ac904de404b5ee,DE
6d53ed5d78304cf5b4988e01cd0065ed,DE
6d53ed5d78304cf5b4988e01cd0065ed,DE
15e49c9d5d404c8fbd45b9c4a7c365a9,DE
15e49c9d5d404c8fbd45b9c4a7c365a9,DE
1a135951c7fd47feac0e99ff87fa76ab,DE
1a135951c7fd47feac0e99ff87fa76ab,DE
75b53f1bb3b14002839354a9ef0d2071,DE
75b53f1bb3b14002839354a9ef0d2071,DE
05a1a19d7c2a452487e75af575f20ec3,DE
05a1a19d7c2a452487e75af575f20ec3,DE
e10b35f95b074570a81b3eb4f22a682a,DE
e10b35f95b074570a81b3eb4f22a682a,DE
6e49806d9ae947ffb7b551decf968ce7,DE
6e49806d9ae947ffb7b551decf968ce7,DE
bb03de66eb33445086d7918b15d35099,DE
bb03de66eb33445086d7918b15d35099,DE
c9758aa1982b4d03a21eefa48484e1d9,DE
c9758aa1982b4d03a21eefa48484e1d9,DE
d659a0b4c6db4b1d86614e97c217098f,DE
d659a0b4c6db4b1d86614e97c217098f,DE
7886188ee1e944029f018fcba08569f9,DE
7886188ee1e944029f018fcba08569f9,DE
8d1678e629a7442d81bb9335da4f39e4,DE
8d1678e629a7442d81bb9335da4f39e4,DE
e66a55ba7308479b8f8a8269fb0bfbce,DE
e66a55ba7308479b8f8a8269fb0bfbce,DE
8f58c659e10b4aadba31257b3569af22,DE
8f58c659e10b4aadba31257b3569af22,DE
4311781562dd48888484b239f59d42cf,DE
4311781562dd48888484b239f59d42cf,DE
73531a596772437ab7c4f4f99b791f92,DE
73531a596772437ab7c4f4f99b791f92,DE
3f1afa4bd523437ba0d58b8a7f71317c,DE
3f1afa4bd523437ba0d58b8a7f71317c,DE
8b190ff6387a4fa9a102a84f1600615d,DE
8b190ff6387a4fa9a102a84f1600615d,DE
2d20eee1e5c847279bcb890eeabaef10,DE
2d20eee1e5c847279bcb890eeabaef10,DE
7d7e3513083c467783cf83950411f19d,DE
7d7e3513083c467783cf83950411f19d,DE
68425f42573b45d584671a53bb19f0f2,DE
68425f42573b45d584671a53bb19f0f2,DE
6d80e24d3a8f4d8cba5464af998c2156,DE
6d80e24d3a8f4d8cba5464af998c2156,DE
46af007ee23d4426b90130da2c5cb738,DE
46af007ee23d4426b90130da2c5cb738,DE
8a7abfcd04564c38ae3772633ce0f338,DE
8a7abfcd04564c38ae3772633ce0f338,DE
c9d0e2529e9849f4a597b517b8d3254c,DE
c9d0e2529e9849f4a597b517b8d3254c,DE
3092e5d29eb148c8925494a5837c52d2,DE
3092e5d29eb148c8925494a5837c52d2,DE
cf27361a355145e5b77125ac77769072,DE
cf27361a355145e5b77125ac77769072,DE
b55a4f3900fa4742a5ad77a8874210e9,DE
b55a4f3900fa4742a5ad77a8874210e9,DE
a80f7bd5cf9a4144aa84efa0cfc64ce5,DE
a80f7bd5cf9a4144aa84efa0cfc64ce5,DE
c828ad50d7594d68b3a49fa643eb6947,DE
c828ad50d7594d68b3a49fa643eb6947,DE
eb6f474c4be444baaba922622cb15572,JP
f3d0d55b61924ea990609908581ee0c5,JP
abd5ff27804f4f2a95cc19006a6b13c4,JP
99cec0e056fd47bba63bb8c162996a3c,JP
d285a9a92f7c4b2d8baf9fe3e0d06ce6,JP
4a611e7bef4c4acda430fb6ccd774253,JP
ee65ff3ad8404be19bf5266e997f26d4,JP
e34102e114ce4038b5cdab8f4f229886,JP
9094bd65ccf345cca94ba4b4b2d7d759,JP
91ae83be79c947b390daf2c2c910ec97,JP
aea0be92a6d543af811f1c3f07e3ada0,JP
da35243f258f44d6a71d2839df08fcb3,JP
efaca418b3664af29f74ee2006e9914c,JP
40388af3b4774f6f89f0051a38922b67,JP
61cbb7d7c2414b34969e450f41a214f9,JP
74f3b5189dc74ae0bdabde8b13f833cc,JP
f2354d65326d4566b72a396bc2678029,JP
4745fc82c1cc40e18d45dfa2d309b853,JP
051b838c18614efbb53066a94d3d482f,JP
c9fd54b354284b18af6e67e8261dcd6c,JP
4d007aa38c16469db5ff19989c70cc1a,JP
adc0e5c740344e5788a02fa95985e71e,JP
712dd85b05584bbfb815e26ae4d24d64,JP
01ff900bc11345d299a6888d69d6f63b,JP
9ba915f355c94f629912b7c98c1f62f3,JP
bf369289660743dda415ee11db3bb776,JP
cafd1f7152974898bfe3be54943b2f9b,JP
3f34fdb4bb5c47d4ac0f93dae2b3a5cc,JP
8490131bdd6a4e37b87fcce89bdebe86,JP
69de15edf4714ca1b23604b5eab4a4b0,JP
3dd08f1605744a4794f4bbb41114d136,JP
129b508b9a104cba96265401e6bc1595,JP
985d692f1b3a489793fe75ec143f3bdc,JP
363d2008c41f4ace94fb0bc820bdba7e,JP
b4b9b21854f0432c92f2fdeddcf564c6,JP
105ea32c2b0b4f2c8ae1e06bef259eb4,JP
825fb69bf7eb4cbb8be57512269d422a,JP
d86b4ed776aa45ee886dd9bb25cda88c,JP
0def82eb69874561a05cef7ea67a20eb,JP
b0d33f0d69c84f6eb854ff294b8ec562,JP
238a7121c3b045db9634f721215eb2c1,JP
de4f9c927b764ab2821821d23f0daee6,JP
c23cfe6530ca47af92df0331c0d92324,JP
3c80ed7928c343239cc29241aed7b546,JP
cbe5b5b547424779957ce47283076878,JP
f972340c91c04e48ad1e20cc6ec29877,JP
457ed7a46b62406395d68ad9264e86c9,JP
65a77f7323514bc09579e07e662a0b9a,JP
18184833e5cf4d83b5e5815467caf3fe,JP
807eab16f748493b8bc3ad3831c6a5a7,JP
950e961bad34403ea73ceaa14cd963a7,JP
1b4d7ee89a00429387693d438cf947f6,JP
1bc427deb5954bd690b9fa5cd7251d13,JP
f648f1760d904a018ee52ecc95b6414a,JP
fa44cbcb2c6040878be85e7c60b919a8,JP
6232b52e742a4b8dae882b7886d50d7f,JP
b5b531e22c2c4c5581b25c561c0b7b50,JP
18d2a1277b6f45d3a1b54aba7c9e2af2,JP
01af06753a6e4a448ded35344dda6444,JP
bdf50f14c3fe4770a9ea9d314534e8fb,JP
ff7960997cab4a85bd66e22c69d6ea23,JP
39876d0111cd4e5eb5a096aff4ad42c3,JP
4bc838107d8d4e2ca281157dd6815247,JP
9d2835961b7847a2b42167c99c4afeec,JP
4323ac57da26428aad463dde87af2574,JP
9aedff73b5974708a4ed5fa3723c3154,JP
ed0c9a0e526b4457b28cc2520abbdbfc,JP
fd7d65f8d8344f17a3ca2097b79fcadc,JP
e68d4c35a6044b04b4824575adc87556,JP
290b16cbabf34ec7983ebbb3ac1de176,JP
5eb4c57be1fc4bd99a9a8aede9e804d3,JP
f6d527b89f0e4de69ceb8414d66f38f0,JP
1a7667980d94483cac4ab67fba1c02d2,JP
3d35ca919a0f484cac162b5e6dedb0bf,JP
ad06775c3b994b2fa5f1b700a28d5f2c,JP
444b67f5ff084db78a2a7d7f47bb0cd0,JP
eed32ce60d69469c9625e04eafcdaa6c,JP
163c74904b7f4d75964a9a7c7b4afacd,JP
926d81de5b004321b8973e9f5cd33bb8,JP
479df4a0ca3949f59378f26001caedbd,JP
e3d67d6bd0d647e29d3c7eb40576cf6c,JP
358245e7e0ab402c8be3173590e851fe,JP
932f2eedbd3d457685a7427674eb1ba1,JP
71df961d1394466ab8d6ca12a5bb7c19,CA
f98817631c584f35a320f5180f6e05df,CA
f932903f26aa4691874071a856738e68,CA
4927614d8b7343e783d32ad1bde34a71,CA
dfcc3607997b4857bb812941e0909c07,CA
a47dca6e0c93476b9b2bb988c78e2144,CA
f6e400737cb74e558531c3f47ab26628,CA
de663d9d06f9420da0c511eee0e3a5b0,CA
3b17d74e90c74cd1bac7f4439aaace4f,CA
2bc10ae8f4cc4557b748c378e7c92a0e,CA
a9d8c328eb1e419d9514cb99c768bb62,CA
73e3772915d34819815f4347e103e70f,CA
dace7bb3565c46ec97701e297936ef3c,CA
e2b5c8ec37c2478eb892967826ab3b60,CA
adf7119b2ec747ffbb1dfe467f677b0d,CA
5d7bd4d74a9b49b292f064713f52147c,CA
65a82000333b4c0cb43174f091b580c5,CA
ea5de03188e24266bb5d8571061e93a6,CA
480cb93995fd4e9fba4dec135b270d5c,CA
83f01ce1c58b4d31b6a790805c101e26,CA
17a27664a6b3454ba8e9977cba0e55fa,CA
d217725c951c46aab32c22bee98de6fd,CA
c3e397eace9d450d9c5890c4a31d366d,CA
3214029b84a04a7595948278fd14e6c3,CA
b6bd951316574ae6a634edd942e2e4fb,CA
4d066e15a732471e86870d03efb42ef6,CA
f789dcd2f0494682a01d9bcb7162f058,CA
8941f8b1e2af416ca98973ce0f886c15,CA
34a0c2cdf9974408ac25b917a97fe9a1,CA
ed8d323d661d47aabce769cabfa2925a,CA
839e7c19ed334b54b3b0e55d043320ba,CA
cea3aaf7781d44588f88116ccf27cbad,CA
729bf1f81eb14ec88a7b647d27b51895,CA
69cca1f7ccad42d89ed74e7a0bf14460,CA
518f740f94154d69b68846c7d978cdec,CA
7e5a76bcba6a46ffa1ab09fc403ec3f7,CA
b106e873b72b43bbb8bdcfaecb4a982c,CA
4f8dea935960496189e297fe59273496,CA
1e879af44d87442fa768ccbfd277a530,CA
3ed996526a8a4a04acc9f476a42ca0fe,CA
ccda16cedf3a4fedb4057826cefebbd8,CA
08404e8e8c1d4dd19d7b706156d07387,CA
6e608b7bc8144c7585a6d96f1901d9d6,CA
6d5198dfb2e849719537baf5c9fd9ef7,CA
6ae528ed2b4c4a6787b99e8dbee16c85,CA
774fced153b54e98b34e8267140c1c03,CA
036076b56588429790218ff6bb660c77,CA
dca99e7c557c4a57b3a3bf9563573f79,CA
d304b81d4b9f4a0e96d608bf120344bd,CA
55eb9396e3884645815ed28a31bd01ad,CA
7004abb1b6404e9a882eb50910c2952c,CA
6d4e6d248e7c433d8a57b891d460e2da,CA
6dda2807cc2646de8b1370ecae937651,CA
44261408c0c7499d9ecc6d4942eb6044,CA
faf40e601ad1409bbd84223908fae111,CA
f11e16c88756490992a8b529c5ef8323,CA
1213167c2058427c8f0195b061390d6f,CA
142e54ce438545e29ed7f08b14f580f9,CA
9c70620739f74102b95d1a9abc39dc06,CA
d724386d214e44839050003424c9f35f,CA
a7e288359a9348d2bd2e28119a4f5fdf,CA
d016e951de4d4cd6a59011136ecf5de7,CA
62a9b9a37a694ec6a8a1a556183efaf9,CA
3b517c9a72cf4896994979730ac9b268,CA
cc67e22ce4a84844afcc34d2e1bf8a33,CA
8b9335fbbf8f4ec99ba75b3ba95cb860,CA
8a63b9dae18c4d06ae9a5231e87d48ea,CA
716002fdab7e4c259c0f72eedfbbb751,CA
e9d9444bc36a464499859742b635c220,CA
07ed4b1f4b94419693c29faff903e201,CA
22f719af79274800b8f5c3dd35b5a66f,CA
2c182f895bd948208077a6b7e11d34fa,CA
e279b0a03f93470f925940ff794dff5d,CA
6600e78d191c40c3bc6df72b38464c2c,CA
86c81d8b3aef4eae80fd876fa3688253,CA
da83552241744aa4863d5c5f9d95b81c,CA
84d12bec7b4c4bf0b235fdd4c76b7b0b,CA
eb699b661e7d4628b7c23d437f2ba333,CA
a736b4b0ae764e20baf6e98ea2f511f2,CA
73cd0b8444dc4096a2fc419c56f7611e,CA
4b6fe3c7c3514eb5810885f772119ef7,CA
895a075d339d4d1bac7172b200b9bd97,CA
e9bfd62bcaa6460c99929ee6eefbd1ab,CA
952d382f8a23484394efdb39f9f743fd,CA
23fac63b21b04b05ab6a36ed45306312,CA
a7bc85e0a02f4a159cff5c6f58f74443,CA
4244dc8a39f342f3ab836ce0f80acdb6,CA
a99a58ca1ad24c2e83449bf80cbcd64b,CA
e4e8cabfc3774fd99e5189fcfeeea4a4,CA
27d0417ac7aa49dfa44277dc135bb379,CA
96963af4f61d4686927c4f1f46f7f2ea,CA
d2b7219eeacd4263a02d943358a3fd61,CA
3cbe013bb8564422a4a417aeca038f1f,CA
9a4439aa48a147359a3c4925d6e51d9a,CA
adaa23df7ea84714ba68b162ea874416,CA
d018b2ca89974615b3497bd95fbac9e0,CA
481a014c206c4c75bf824e579e657ef5,CA
825f06c7b212471bb76d91e49c0eb4b0,CA
ef2a0c3c43d548448b1f56c6f965ea4c,CA
170ae4164f1c4f7696fe196d671a33f4,CA
5c11a100f7e9443b9d00b22ef7fc6749,CA
837778637bb540abb39a6ade58ecd324,CA
daf0bfd946ee4cfaa4a4cfe816afa80a,CA
b309f65523394c3bbcfb630d7b01d451,CA
9da59afcd7b04525b9a468d1b7c858a0,CA
905f52562daa4b54951cf9e9cb1ad534,CA
eab901a7565d4c78b11e5405392a6f1b,CA
330f7b10075442a8838abd972efa0ffc,CA
30dc1bb118f845139e31be03176fb6c8,CA
b8c33233f25f4a44845d035447c2febe,CA
3a2aa99ef0e0479bb1981a8a359fbdee,CA
1f4f76f9392845b9981f7bfc83e11e24,CA
8194aa8dbed044d489ef99c4c1704a13,CA
